,date,region,tested,tested_positive,population,active_users,newly_sick,covid_in_pop,covid_in_pop_lo,covid_in_pop_up,covid_in_100k,covid_in_100k_lolim,covid_in_100k_uplim,covid_in_mil,covid_in_mil_lolim,covid_in_mil_uplim
10955,2023-02-01,UK,4056.0,836.0,66435548.0,189856.0,14059.0,75777.38488794677,55548.95191866543,99905.7377802049,1359.6201356077675,948.5235596487785,1891.0559422689582,13596.201356077672,9485.235596487784,18910.55942268958
10966,2023-02-02,UK,4177.0,889.0,66435548.0,188469.0,14265.0,81769.82993128417,60462.283803109975,107178.00416922646,1472.5042338573644,1031.7053000657952,2045.7425018756935,14725.042338573643,10317.05300065795,20457.42501875693
10977,2023-02-03,UK,4292.0,915.0,66435548.0,187410.0,14525.0,81666.07850903957,60465.34030285288,106556.26379709499,1485.1669909071736,1038.5294360639016,2045.6544791598726,14851.669909071737,10385.294360639016,20456.54479159872
10988,2023-02-04,UK,4422.0,947.0,66435548.0,186888.0,14772.0,84878.55170202843,63294.30998643354,110261.91439467351,1527.0942479781002,1078.9999794821208,2090.586940464324,15270.942479780999,10789.999794821206,20905.869404643243
10999,2023-02-05,UK,4514.0,1008.0,66435548.0,186304.0,14918.0,88450.44678347609,66624.53566605132,113849.90608679519,1598.3941973034093,1143.3125293860082,2160.8669688987734,15983.941973034094,11433.125293860081,21608.66968898773
11010,2023-02-06,UK,4626.0,1041.0,66435548.0,185909.0,15084.0,89323.67991905508,67453.68770951909,114756.4629302464,1607.5662221631865,1145.375888803213,2178.8183533768474,16075.662221631863,11453.758888032131,21788.183533768468
11021,2023-02-07,UK,4745.0,1095.0,66435548.0,185263.0,15203.0,90406.12531197663,68890.73366392002,115381.44009566656,1625.2855763032221,1173.71184835126,2184.179516471854,16252.855763032221,11737.118483512599,21841.795164718544
11032,2023-02-08,UK,4796.0,1128.0,66435548.0,184331.0,15251.0,91386.7268501312,69951.29686490294,116059.43030395432,1652.5577222672782,1199.6720307340065,2201.7774036470773,16525.57722267278,11996.720307340063,22017.77403647077
11043,2023-02-09,UK,4873.0,1180.0,66435548.0,183354.0,15315.0,95150.51481862138,73329.95165059535,120214.0448276336,1706.3582060881565,1246.9939729979944,2264.38111625819,17063.582060881567,12469.939729979944,22643.8111625819
11054,2023-02-10,UK,4957.0,1228.0,66435548.0,182939.0,15492.0,98098.43167764932,76068.04563587965,123336.61915216019,1756.0279966163992,1291.4582058702358,2318.747441618725,17560.279966163987,12914.582058702355,23187.474416187255
11065,2023-02-11,UK,5001.0,1268.0,66435548.0,182399.0,15588.0,101167.59225060348,78835.79085427645,126650.11747690626,1812.2719924098747,1341.8649502764374,2379.552867078247,18122.719924098747,13418.64950276437,23795.52867078247
11076,2023-02-12,UK,5092.0,1329.0,66435548.0,181778.0,15549.0,102007.68198573474,79915.09034675689,126939.66059599175,1837.0821877212923,1366.2470012875588,2390.9817219692304,18370.821877212926,13662.470012875587,23909.817219692304
11087,2023-02-13,UK,5130.0,1365.0,66435548.0,181301.0,15485.0,99646.34276974072,78314.09279672986,123758.02932922033,1796.248357201414,1340.8015193009487,2334.597059216387,17962.483572014142,13408.015193009489,23345.970592163874
11098,2023-02-14,UK,5161.0,1400.0,66435548.0,180590.0,15390.0,99031.90752976402,78207.52389871523,122609.04689197592,1770.8269711906335,1335.2666331575826,2290.3011278733666,17708.269711906334,13352.666331575823,22903.011278733673
11109,2023-02-15,UK,5302.0,1453.0,66435548.0,179917.0,15425.0,96509.8114329766,76620.88723751334,118930.56273572391,1722.4974060406903,1307.8881086689605,2214.6282949719994,17224.9740604069,13078.881086689604,22146.282949719996
11120,2023-02-16,UK,5422.0,1496.0,66435548.0,179350.0,15427.0,93735.26429384646,74654.79164797947,115390.54987063198,1664.6805358481247,1267.7251373375832,2144.725209354745,16646.805358481244,12677.251373375833,21447.252093547446
11131,2023-02-17,UK,5451.0,1546.0,66435548.0,178675.0,15362.0,92760.81629276443,74299.29631179558,113623.83234107836,1641.1731419327439,1260.8989636606698,2098.1266278710473,16411.731419327443,12608.989636606697,20981.26627871047
11142,2023-02-18,UK,5547.0,1581.0,66435548.0,178139.0,15373.0,92160.57931814865,74084.35472927788,112487.39337662577,1622.1484564774453,1253.0095601771086,2061.4367660159946,16221.484564774459,12530.095601771087,20614.367660159947
11153,2023-02-19,UK,5669.0,1617.0,66435548.0,177832.0,15423.0,91872.11633669146,73696.31282953422,112219.28086838534,1644.6170640972498,1257.908010945397,2097.32124784982,16446.170640972497,12579.080109453973,20973.212478498193
11164,2023-02-20,UK,5724.0,1652.0,66435548.0,177323.0,15471.0,92285.23584752229,74308.33264893843,112321.12214325859,1636.5767750398945,1258.529120761859,2076.5949744022873,16365.767750398945,12585.291207618593,20765.949744022873
11175,2023-02-21,UK,5781.0,1675.0,66435548.0,176473.0,15414.0,92168.11194017372,74399.63114746098,112110.8171198025,1626.5150116299333,1256.4465911451414,2065.945413657294,16265.15011629933,12564.465911451414,20659.454136572942
11186,2023-02-22,UK,5809.0,1704.0,66435548.0,175462.0,15432.0,91271.00172769514,73841.94902584013,110799.98879058703,1597.8705912838882,1238.6939377236763,2023.9375792593873,15978.705912838883,12386.939377236764,20239.37579259387
11197,2023-02-23,UK,5789.0,1727.0,66435548.0,174988.0,15361.0,91399.75605294868,74054.10018490968,110747.65849163289,1598.8157876924415,1240.856883489522,2019.496674585197,15988.157876924417,12408.568834895217,20194.966745851965
11208,2023-02-24,UK,5715.0,1730.0,66435548.0,174447.0,15170.0,91358.38632668875,74010.56977657789,110622.48928684281,1613.6228746408165,1251.2065309971563,2034.8334865280583,16136.228746408164,12512.065309971564,20348.334865280583
11219,2023-02-25,UK,5617.0,1724.0,66435548.0,173902.0,14970.0,91963.33796390564,74508.65394253828,111480.50678550423,1629.2853409385207,1264.3096723043411,2060.743645076656,16292.85340938521,12643.09672304341,20607.436450766556
11230,2023-02-26,UK,5568.0,1711.0,66435548.0,173974.0,14890.0,91693.305277917,74280.8404198787,111143.61705119832,1616.3450245173779,1255.634080336587,2041.829373411432,16163.450245173783,12556.340803365869,20418.293734114315
11241,2023-02-27,UK,5447.0,1662.0,66435548.0,173656.0,14768.0,90574.09000409613,73182.88248313496,110022.63945524438,1597.5364792300593,1236.4032702100558,2023.9063396072652,15975.364792300597,12364.032702100558,20239.063396072655
11252,2023-02-28,UK,5340.0,1629.0,66435548.0,173288.0,14684.0,88670.20227510792,71625.81767271917,107639.48284406027,1550.8392155817737,1200.5743822573245,1960.8231485412637,15508.392155817737,12005.743822573244,19608.23148541264
11263,2023-03-01,UK,5236.0,1609.0,66435548.0,172809.0,14475.0,87736.50155419814,70852.04307802395,106555.25979375915,1535.7369734301242,1189.9192658057693,1942.4096487570214,15357.369734301243,11899.192658057693,19424.096487570216
11274,2023-03-02,UK,5128.0,1589.0,66435548.0,172346.0,14205.0,86631.15998553114,70012.18605626427,105079.12776827504,1508.2405130435645,1172.7529984259327,1900.1696011404374,15082.405130435644,11727.529984259329,19001.696011404376
11285,2023-03-03,UK,5025.0,1583.0,66435548.0,171738.0,14009.0,84180.30710969238,67986.71268010534,102148.71211771,1466.3812675718123,1137.1522433783123,1849.2837984077685,14663.81267571812,11371.522433783122,18492.837984077687
11296,2023-03-04,UK,4926.0,1556.0,66435548.0,171299.0,13829.0,83999.90171167988,67692.84335829361,102147.29204400901,1460.5735110080614,1128.1277777445903,1849.0307490642163,14605.735110080612,11281.277777445903,18490.307490642157
11307,2023-03-05,UK,4946.0,1594.0,66435548.0,171008.0,13768.0,84170.85893202663,68075.03173887114,102030.34883822931,1458.905697601238,1132.6204792719445,1838.8534148126364,14589.056976012382,11326.204792719442,18388.534148126364
11318,2023-03-06,UK,4896.0,1598.0,66435548.0,170874.0,13657.0,81851.02749657242,66298.72942284154,99155.02900942751,1409.562307503784,1097.4183271090255,1776.9333845019717,14095.623075037842,10974.183271090254,17769.333845019715
11329,2023-03-07,UK,4822.0,1595.0,66435548.0,170481.0,13486.0,79619.14304634064,64613.314047788335,96376.5557994512,1358.3998573522042,1062.5960646402805,1710.0096169230603,13583.99857352204,10625.960646402806,17100.096169230605
11340,2023-03-08,UK,4768.0,1592.0,66435548.0,170080.0,13428.0,79661.71432521375,64590.96193204043,96382.77964923078,1364.447519269243,1064.1400111903238,1715.7953579880802,13644.475192692431,10641.400111903235,17157.953579880803
11351,2023-03-09,UK,4747.0,1613.0,66435548.0,169117.0,13312.0,78660.05553900241,63833.98274707371,95079.09147769367,1364.2897511060007,1063.6764528037088,1714.9304656569966,13642.897511060008,10636.764528037089,17149.30465656997
11362,2023-03-10,UK,4698.0,1628.0,66435548.0,167803.0,13176.0,86678.20936078434,70467.46171324624,104671.53883467021,1491.4517527459798,1164.492718019892,1876.0684517194295,14914.517527459797,11644.927180198918,18760.684517194295
11373,2023-03-11,UK,4755.0,1664.0,66435548.0,166850.0,13243.0,91784.03200129353,74842.52053158525,110533.39242827885,1583.3106239186761,1243.0434928835778,1980.9117797443062,15833.10623918676,12430.434928835777,19809.11779744306
11384,2023-03-12,UK,4817.0,1702.0,66435548.0,166660.0,13295.0,93172.90711376935,76169.54567957838,111971.19037302546,1601.7123344444033,1260.1043177446948,2000.6508572096996,16017.123344444033,12601.043177446949,20006.50857209699
11395,2023-03-13,UK,4862.0,1727.0,66435548.0,166289.0,13373.0,96537.79244035279,78927.4100223235,115949.96268900976,1662.579736750749,1306.9562613798712,2073.3026892333723,16625.79736750749,13069.56261379871,20733.02689233372
11406,2023-03-14,UK,4904.0,1788.0,66435548.0,165730.0,13320.0,99904.27664150087,82056.08730346782,119664.3560011133,1711.5966659206636,1351.28033124375,2133.2677743049894,17115.966659206635,13512.8033124375,21332.677743049895
11417,2023-03-15,UK,4918.0,1815.0,66435548.0,165082.0,13277.0,100198.81437669214,82370.25138832998,119887.4540671988,1730.8769788507652,1365.1042556305483,2154.8550509200163,17308.769788507652,13651.042556305481,21548.550509200162
11428,2023-03-16,UK,4963.0,1836.0,66435548.0,164382.0,13338.0,103630.77270701919,85258.13080328684,123950.97465484714,1803.1061907578307,1421.9669234197854,2246.0942764809497,18031.061907578303,14219.669234197852,22460.942764809493
11439,2023-03-17,UK,4976.0,1832.0,66435548.0,163573.0,13312.0,131402.93187588014,108179.38978070284,157049.56647357738,2273.372106480117,1795.2811909926252,2828.5342609055997,22733.72106480117,17952.811909926255,28285.342609055995
11450,2023-03-18,UK,4993.0,1869.0,66435548.0,163069.0,13279.0,107304.57564014225,88520.88315525194,127981.29541612002,1855.5190128219342,1467.276038558474,2302.108819938781,18555.190128219347,14672.760385584745,23021.08819938781
11461,2023-03-19,UK,4957.0,1873.0,66435548.0,162305.0,13044.0,108564.98411006785,89571.13757637699,129503.98845545815,1878.7109316280246,1488.418053072949,2328.330371846698,18787.109316280246,14884.180530729493,23283.30371846698
11472,2023-03-20,UK,4983.0,1867.0,66435548.0,162198.0,13071.0,136721.50230943802,112696.8045919143,163100.9311529654,2389.6796357539706,1891.27644326934,2957.50608957546,23896.796357539708,18912.7644326934,29575.060895754596
11483,2023-03-21,UK,4971.0,1862.0,66435548.0,162021.0,13115.0,111241.09401978855,91627.59395922543,132777.4725731189,1961.7908870213776,1549.0115984098918,2430.957740203922,19617.908870213778,15490.115984098917,24309.577402039216
11494,2023-03-22,UK,4990.0,1873.0,66435548.0,161761.0,13153.0,113248.75250738075,93365.94684463865,135077.73740483285,1994.6279439342923,1577.2170797494023,2469.8624522481637,19946.27943934292,15772.17079749402,24698.62452248164
11505,2023-03-23,UK,4994.0,1868.0,66435548.0,161368.0,13119.0,114358.82467163408,94254.43387565047,136392.04617724378,2028.714613978618,1606.806192224137,2506.9911713307247,20287.14613978618,16068.061922241368,25069.911713307243
11516,2023-03-24,UK,5045.0,1887.0,66435548.0,161097.0,13175.0,116027.42338991663,95677.72670813311,138311.5963604104,2064.43080055886,1637.0961337086305,2549.256200851498,20644.3080055886,16370.961337086304,25492.56200851498
11527,2023-03-25,UK,5040.0,1866.0,66435548.0,160879.0,13080.0,114947.5668184846,94623.12459369721,137277.6546079444,2049.700494821479,1622.5706094510983,2536.170763399568,20497.004948214788,16225.70609451098,25361.707633995684
11538,2023-03-26,UK,4988.0,1821.0,66435548.0,160480.0,13026.0,112520.79630202099,92373.81266216736,134672.1630108247,2024.019991646332,1598.3732752512888,2507.56434384534,20240.199916463323,15983.732752512886,25075.643438453404
11549,2023-03-27,UK,4846.0,1765.0,66435548.0,160037.0,12738.0,109030.11045984895,89039.1815518126,130895.70171760353,1987.4454197619552,1557.9461094999315,2471.0255475196036,19874.45419761955,15579.461094999317,24710.25547519604
11560,2023-03-28,UK,4828.0,1712.0,66435548.0,159578.0,12727.0,105171.53086700634,85676.63511590834,126520.35321073726,1912.2924514384667,1496.1681467705396,2382.247684577529,19122.924514384667,14961.681467705395,23822.47684577529
11571,2023-03-29,UK,4783.0,1682.0,66435548.0,159252.0,12692.0,102168.54683069153,83132.60887533589,123052.3607643281,1844.4539121127325,1442.6584244070339,2300.663119025992,18444.539121127324,14426.584244070338,23006.63119025992
11582,2023-03-30,UK,4689.0,1637.0,66435548.0,158888.0,12537.0,98891.28330072248,80200.62569476379,119426.8793599518,1783.219038616193,1389.7385568041243,2231.3534533016655,17832.190386161932,13897.38556804124,22313.53453301666
11593,2023-03-31,UK,4625.0,1586.0,66435548.0,158312.0,12363.0,95107.71912720388,76711.45104279832,115238.1711491344,1737.7426539672572,1346.7870605081873,2180.444289757691,17377.42653967257,13467.870605081873,21804.442897576908
11604,2023-04-01,UK,4632.0,1555.0,66435548.0,157968.0,12296.0,91028.03098615391,73240.25851269992,110522.38371275122,1659.0554349237666,1282.004735873883,2087.531120179636,16590.554349237667,12820.047358738826,20875.31120179636
11615,2023-04-02,UK,4529.0,1512.0,66435548.0,157429.0,12189.0,86742.0865358233,69506.14826177848,105609.49370893644,1604.6369374656992,1234.793898383067,2023.4179554596192,16046.369374656993,12347.938983830667,20234.179554596187
11626,2023-04-03,UK,4442.0,1492.0,66435548.0,156224.0,11935.0,86281.22793691512,68998.87519686854,105203.46831107,1617.009757730931,1241.1252174039769,2041.22201249255,16170.097577309305,12411.25217403977,20412.2201249255
11637,2023-04-04,UK,4269.0,1421.0,66435548.0,155653.0,11678.0,87544.71931334803,69608.08086932688,107164.21917368092,1643.3862794124695,1252.3600288433718,2082.5030320323726,16433.862794124696,12523.600288433718,20825.03032032373
11648,2023-04-05,UK,4170.0,1362.0,66435548.0,155167.0,11464.0,85086.75870621626,67301.97865753288,104637.35961289928,1589.7479443167858,1204.6439424728835,2026.6466894279888,15897.479443167858,12046.439424728836,20266.466894279885
11659,2023-04-06,UK,4098.0,1341.0,66435548.0,154611.0,11365.0,86403.45979493648,68139.57596047556,106383.86701234138,1625.2732139352354,1224.574196094031,2073.755892149948,16252.732139352354,12245.741960940311,20737.55892149948
11670,2023-04-07,UK,3980.0,1315.0,66435548.0,153997.0,11263.0,85762.96444343617,67577.26936145165,105724.96130541073,1604.903988645648,1209.2996496276248,2053.5019566602023,16049.039886456481,12092.996496276248,20535.01956660202
11681,2023-04-08,UK,3902.0,1299.0,66435548.0,153564.0,11178.0,85310.13538080874,67143.87289095967,105289.49239235211,1594.14600007663,1200.8591604323633,2041.190256157701,15941.460000766296,12008.591604323634,20411.902561577008
11692,2023-04-09,UK,3818.0,1277.0,66435548.0,152299.0,10900.0,85355.23866093846,67041.03820463484,105393.55338992801,1581.9875322003977,1187.7936546339854,2025.8607056862022,15819.875322003974,11877.93654633985,20258.607056862023
11703,2023-04-10,UK,3763.0,1232.0,66435548.0,151912.0,10920.0,84394.47370997304,66063.37974652564,104514.89439070236,1549.9789246319904,1161.179739769106,1990.7042476465376,15499.789246319902,11611.79739769106,19907.042476465376
11714,2023-04-11,UK,3685.0,1201.0,66435548.0,151586.0,10755.0,83293.26414072365,64892.970312622354,103621.48108556327,1534.908548990772,1141.5424076039517,1986.7095589559376,15349.08548990772,11415.424076039515,19867.095589559372
11725,2023-04-12,UK,3572.0,1172.0,66435548.0,150984.0,10549.0,81677.41867611172,63434.32556565432,101827.55084408837,1497.7722186055823,1108.5753481457864,1943.1880554430013,14977.72218605582,11085.753481457863,19431.880554430016
11736,2023-04-13,UK,3466.0,1138.0,66435548.0,150418.0,10442.0,79385.09374117857,61471.1175929294,99122.33514746334,1451.7147161885687,1071.2074666565654,1884.008733502472,14517.147161885689,10712.074666565653,18840.08733502472
11747,2023-04-14,UK,3398.0,1121.0,66435548.0,149051.0,10360.0,76866.42170377856,59451.96947627353,96062.31616797992,1396.9582757727046,1028.3344188533204,1816.9705138538839,13969.582757727048,10283.344188533205,18169.705138538837
11758,2023-04-15,UK,3347.0,1099.0,66435548.0,148539.0,10308.0,78361.02565693401,60514.1398890441,98245.46502966396,1413.7204593523654,1039.0693270384336,1850.8332913053152,14137.204593523655,10390.693270384336,18508.332913053153
11769,2023-04-16,UK,3307.0,1049.0,66435548.0,148225.0,10237.0,76755.99104158174,58946.80149484677,96658.89301593993,1368.554245578778,999.4505244959527,1799.341403700496,13685.542455787781,9994.505244959526,17993.41403700496
11780,2023-04-17,UK,3263.0,1007.0,66435548.0,147668.0,10160.0,74126.68884389255,56558.62463882938,94030.43290424491,1311.1164959699915,949.2028989712545,1745.8330858105069,13111.16495969992,9492.028989712544,17458.33085810507
11791,2023-04-18,UK,3194.0,973.0,66435548.0,147159.0,10119.0,72496.33459750118,55038.80487746266,92329.35401613265,1278.5526370250059,921.8470437524991,1710.3858327016098,12785.526370250056,9218.470437524991,17103.8583270161
11802,2023-04-19,UK,3121.0,944.0,66435548.0,146394.0,9942.0,68988.1404623497,52005.58568679814,88347.82698643193,1218.6166666515608,868.0701443732622,1645.021785309416,12186.166666515608,8680.701443732623,16450.217853094156
11813,2023-04-20,UK,3074.0,918.0,66435548.0,145762.0,9880.0,65293.58298796033,48887.167355117344,83809.33713870845,1182.7754265529643,835.0479415535974,1594.2083635025347,11827.754265529646,8350.479415535972,15942.083635025345
11824,2023-04-21,UK,3050.0,892.0,66435548.0,144939.0,9883.0,63832.35526574168,47648.15538504849,82231.21987447602,1152.5843182527901,815.5477206650967,1556.2658125708153,11525.843182527899,8155.477206650968,15562.658125708156
11835,2023-04-22,UK,2982.0,866.0,66435548.0,144487.0,9835.0,65359.50905199581,48492.284927650544,84464.59408922914,1199.0172689377528,842.3592567445854,1620.968089030334,11990.172689377529,8423.592567445854,16209.680890303343
11846,2023-04-23,UK,2991.0,854.0,66435548.0,144096.0,9980.0,67211.84522275148,49703.87763790609,86938.54993035208,1246.4510932324465,871.4624286102949,1681.6436030192485,12464.510932324465,8714.62428610295,16816.436030192486
11857,2023-04-24,UK,2907.0,820.0,66435548.0,143685.0,9846.0,69692.16284414353,51032.893899755756,90768.92117723842,1310.1493296327483,903.5065729866539,1781.6951911797282,13101.49329632748,9035.06572986654,17816.95191179728
11868,2023-04-25,UK,2825.0,795.0,66435548.0,143266.0,9722.0,71086.97771511624,51983.98637706668,92861.19298072867,1300.8324426959668,897.9366664554974,1775.6315655667245,13008.324426959667,8979.366664554975,17756.315655667247
11879,2023-04-26,UK,2821.0,795.0,66435548.0,142474.0,9691.0,73662.281819875,53830.0335486003,96371.91694520587,1335.6889675390041,920.1319461278961,1830.9878571186132,13356.889675390039,9201.319461278961,18309.87857118613
11890,2023-04-27,UK,2781.0,781.0,66435548.0,142003.0,9569.0,74082.55618248715,54113.70797889738,96986.99508086643,1334.0023668907534,920.6748266752143,1828.6499358290287,13340.023668907532,9206.748266752145,18286.499358290283
11901,2023-04-28,UK,2733.0,754.0,66435548.0,141068.0,9540.0,71734.36266768149,52003.24921983421,94547.61749717029,1282.3432417517224,878.3322206291766,1769.1316712915097,12823.432417517226,8783.322206291765,17691.3167129151
11912,2023-04-29,UK,2686.0,751.0,66435548.0,140694.0,9488.0,69938.98054552075,50479.25868568012,92340.1218207491,1266.2051978054276,862.2803051063254,1750.8980679839742,12662.051978054278,8622.803051063254,17508.98067983974
11923,2023-04-30,UK,2681.0,758.0,66435548.0,140347.0,9496.0,69403.06949744471,50149.1260494632,91626.66430576655,1258.3908724358434,855.9839866569957,1742.416750327736,12583.908724358434,8559.839866569957,17424.16750327736
11934,2023-05-01,UK,2681.0,755.0,66435548.0,140146.0,9476.0,70710.8334185505,50971.81562134242,93490.53162083618,1279.9511462709622,865.2331619117913,1779.273058972428,12799.511462709619,8652.331619117913,17792.730589724277
11945,2023-05-02,UK,2696.0,772.0,66435548.0,139535.0,9380.0,75485.86495510531,54595.23276281274,99527.00566820754,1369.310820777021,926.6772976294382,1900.1754899012146,13693.108207770209,9266.77297629438,19001.754899012143
11956,2023-05-03,UK,2729.0,782.0,66435548.0,138865.0,9473.0,79172.02645831087,57615.91875573526,103876.17180408414,1410.8942348525682,962.4476483779883,1948.6517924357731,14108.94234852568,9624.476483779883,19486.517924357726
11967,2023-05-04,UK,2721.0,783.0,66435548.0,137994.0,9384.0,81655.3084162671,59438.394184604505,107600.04708280896,1436.6334323949736,977.7587789629442,2006.524292575403,14366.334323949734,9777.587789629442,20065.24292575403
11978,2023-05-05,UK,2690.0,791.0,66435548.0,137184.0,9327.0,85131.1399721281,62156.185348440195,111742.46535529773,1499.5957721805435,1024.5338413495522,2081.0527572737133,14995.957721805433,10245.33841349552,20810.52757273713
11989,2023-05-06,UK,2647.0,786.0,66435548.0,136849.0,9238.0,85934.52516899815,63065.36999428901,113044.7946695158,1467.8572930471607,1013.7256809067118,2058.918777963911,14678.572930471606,10137.256809067118,20589.187779639113
12000,2023-05-07,UK,2594.0,792.0,66435548.0,136585.0,9084.0,86029.3290443199,63574.62046472356,112556.27786797138,1456.238098276994,1023.817184283617,2025.9017105792148,14562.380982769944,10238.171842836171,20259.017105792147
12011,2023-05-08,UK,2576.0,781.0,66435548.0,136200.0,8989.0,84180.8418537725,61909.2425239922,110277.95052189191,1428.049605048968,991.0781617812146,1989.461207038183,14280.496050489679,9910.781617812145,19894.612070381827
12022,2023-05-09,UK,2554.0,772.0,66435548.0,135785.0,8942.0,81443.33946979379,59655.81544322833,107089.13684064308,1394.2465756909187,958.5513747558831,1956.984823950187,13942.465756909189,9585.513747558834,19569.848239501873
12033,2023-05-10,UK,2497.0,773.0,66435548.0,135231.0,8850.0,79196.8507403462,58343.94145992206,104061.56087606488,1337.2080942673847,930.2177788573333,1883.9759363775997,13372.080942673847,9302.177788573337,18839.759363776
12044,2023-05-11,UK,2474.0,770.0,66435548.0,134849.0,8882.0,80954.96592401444,59491.19895739384,106595.27537824969,1374.6865102125823,950.1136982458414,1947.727862778009,13746.865102125825,9501.136982458414,19477.278627780095
12055,2023-05-12,UK,2432.0,747.0,66435548.0,133807.0,8718.0,84289.54852509976,61701.93770777903,111318.6753697655,1425.6892209110238,980.8112937243516,2026.1526105547375,14256.892209110236,9808.112937243517,20261.526105547375
12066,2023-05-13,UK,2413.0,738.0,66435548.0,133306.0,8626.0,85489.0536165682,62209.35450852224,112768.01209964155,1467.1080001448208,998.8634150006817,2064.3518770814035,14671.080001448207,9988.634150006816,20643.518770814037
12077,2023-05-14,UK,2396.0,758.0,66435548.0,132514.0,8579.0,88255.2011285788,64652.41952242635,115788.73626848322,1527.6871788461947,1053.4147234484378,2128.7187123942185,15276.871788461945,10534.147234484377,21287.18712394218
12088,2023-05-15,UK,2303.0,721.0,66435548.0,131925.0,8398.0,86128.21316929697,62387.68299019286,113942.29958774193,1504.202309648149,1023.8078233251415,2116.194679193075,15042.023096481487,10238.078233251415,21161.946791930746
12099,2023-05-16,UK,2246.0,692.0,66435548.0,131715.0,8385.0,83645.95204615458,59959.445305030764,111171.47445064741,1489.5329787357393,999.0883502719407,2096.4297632915395,14895.329787357392,9990.883502719407,20964.297632915393
12110,2023-05-17,UK,2210.0,687.0,66435548.0,131723.0,8317.0,81068.53940533797,58005.76288457222,107705.4491155053,1457.0739807764899,977.7031742903297,2042.6005286839522,14570.739807764898,9777.031742903297,20426.00528683952
12121,2023-05-18,UK,2165.0,679.0,66435548.0,131322.0,8194.0,81229.60515656981,57890.45568282665,108008.60820151662,1475.986255898753,985.4149367308254,2067.5903946495405,14759.86255898753,9854.149367308251,20675.903946495404
12132,2023-05-19,UK,2105.0,648.0,66435548.0,130490.0,8045.0,81355.21330247552,57325.19377960385,108978.4942912679,1465.222060769511,960.274034293187,2073.5276592926098,14652.220607695108,9602.740342931871,20735.2765929261
12143,2023-05-20,UK,2074.0,634.0,66435548.0,130068.0,8030.0,82357.44385590348,57705.55080899743,110872.30013602905,1489.979673303405,969.8875616573846,2122.627758810601,14899.79673303405,9698.875616573845,21226.277588106015
12154,2023-05-21,UK,2031.0,613.0,66435548.0,129501.0,7942.0,83154.27295392766,57866.40730832715,112316.0401698761,1498.7315241805043,969.640651046204,2133.7468054302426,14987.315241805047,9696.40651046204,21337.468054302433
12165,2023-05-22,UK,1971.0,585.0,66435548.0,129021.0,7808.0,83036.08665382047,57267.81930754568,113196.95674047167,1485.4417885840453,946.6178508741901,2148.8280373825555,14854.417885840458,9466.178508741901,21488.28037382556
12176,2023-05-23,UK,1935.0,576.0,66435548.0,128511.0,7718.0,81465.5709566193,55983.085336347,111222.28359412309,1476.9332086661084,937.8114622854686,2134.12394341315,14769.332086661083,9378.114622854686,21341.2394341315
12187,2023-05-24,UK,1909.0,558.0,66435548.0,127840.0,7607.0,80050.17802661879,54561.89227754799,109908.73461006179,1457.0002246039035,915.2174334932384,2118.997897988426,14570.002246039034,9152.174334932386,21189.978979884258
12198,2023-05-25,UK,1884.0,554.0,66435548.0,127483.0,7507.0,78870.43899493109,53748.41275034142,108396.47171764285,1421.7998008834284,894.1799898854622,2069.774307613679,14217.998008834285,8941.799898854622,20697.743076136787
12209,2023-05-26,UK,1877.0,560.0,66435548.0,126751.0,7385.0,78816.17439243125,53908.0020387423,108259.66205413289,1406.6326233119596,888.1632535325291,2053.417003028389,14066.326233119595,8881.63253532529,20534.170030283894
12220,2023-05-27,UK,1841.0,541.0,66435548.0,126086.0,7263.0,75732.7676171065,51395.56005877728,104868.28614524042,1331.5349189431788,829.2590444470111,1968.1576932694152,13315.349189431789,8292.59044447011,19681.576932694148
12231,2023-05-28,UK,1791.0,517.0,66435548.0,125556.0,7090.0,72807.98183256987,48866.046048310985,101517.5817644542,1292.8771693510653,794.2004868862555,1920.9664451069484,12928.771693510651,7942.004868862555,19209.664451069482
12242,2023-05-29,UK,1795.0,520.0,66435548.0,125026.0,7003.0,67300.48241612414,45195.26828327304,93747.79651842226,1207.9565183799216,745.6618392784204,1788.9290379860392,12079.565183799214,7456.618392784206,17889.290379860395
12253,2023-05-30,UK,1743.0,498.0,66435548.0,124730.0,6901.0,61768.21039562827,41053.607370597834,86470.1281676797,1097.8336627164622,667.618979368087,1635.5137955006437,10978.336627164621,6676.18979368087,16355.137955006434
12264,2023-05-31,UK,1714.0,482.0,66435548.0,124125.0,6835.0,54018.77643951622,35609.84644215585,76334.63606918366,961.5785709979268,576.0415854309715,1454.9774583990106,9615.785709979269,5760.415854309714,14549.774583990107
12275,2023-06-01,UK,1647.0,458.0,66435548.0,123450.0,6769.0,45086.62632713138,29567.705217240713,63909.87134078037,795.7569764718843,475.980713714146,1203.87172104149,7957.5697647188435,4759.80713714146,12038.717210414901
12286,2023-06-02,UK,1612.0,442.0,66435548.0,122636.0,6706.0,41011.77216813657,26646.975634774597,58458.2599566915,735.2304313465697,435.35491519698826,1117.6037985881687,7352.304313465696,4353.549151969882,11176.037985881687
12297,2023-06-03,UK,1619.0,419.0,66435548.0,122438.0,6715.0,37067.12528830231,23667.09611399816,53467.193414369016,667.8344326144414,388.30372262780634,1026.698143520431,6678.344326144417,3883.0372262780634,10266.981435204307
12308,2023-06-04,UK,1612.0,422.0,66435548.0,122509.0,6708.0,35944.24854581506,23016.234403658953,51747.61202594181,653.6492202911487,379.9299447062098,1004.3851956262603,6536.492202911488,3799.299447062098,10043.851956262602
12319,2023-06-05,UK,1567.0,397.0,66435548.0,122410.0,6716.0,35658.85326192902,22530.04698832144,51966.275152626265,633.7326932660498,362.2083406328712,993.913559530075,6337.326932660498,3622.0834063287125,9939.135595300751
12330,2023-06-06,UK,1534.0,382.0,66435548.0,122077.0,6713.0,37951.130022914236,23821.55255601333,55802.746360837824,669.7107795625718,382.7889852954978,1062.317645528648,6697.107795625718,3827.889852954979,10623.176455286479
12341,2023-06-07,UK,1522.0,367.0,66435548.0,121775.0,6736.0,40343.48640534396,24833.750499233192,59760.255404227835,731.5709663123768,409.2468973950762,1158.8199053339472,7315.709663123767,4092.468973950761,11588.199053339467
12352,2023-06-08,UK,1488.0,361.0,66435548.0,121352.0,6674.0,45578.066816629755,27817.199816198616,67658.44624588278,845.6024232778077,465.8408807560344,1339.6284844205354,8456.024232778078,4658.408807560343,13396.284844205353
12363,2023-06-09,UK,1461.0,353.0,66435548.0,121157.0,6770.0,49121.72288916763,29808.611981276732,72986.7871702737,936.3652373248542,516.3050705322024,1472.8210033078105,9363.652373248544,5163.0507053220235,14728.210033078107
12374,2023-06-10,UK,1424.0,328.0,66435548.0,120987.0,6770.0,52161.91848189849,31001.08098392007,78566.4913978303,996.7876953033045,537.305960162533,1590.1562993482028,9967.876953033046,5373.05960162533,15901.562993482024
12385,2023-06-11,UK,1384.0,317.0,66435548.0,120831.0,6827.0,56261.92140554588,33326.61658721296,84933.85539949563,1056.3700040813637,571.1154740382109,1687.2081754449005,10563.700040813637,5711.154740382108,16872.081754449002
12396,2023-06-12,UK,1348.0,311.0,66435548.0,120624.0,6853.0,57843.906458270125,34276.88524827198,87306.27827780582,1069.329304954417,577.7441845423916,1710.628617522334,10693.293049544172,5777.441845423917,17106.28617522334
12407,2023-06-13,UK,1279.0,291.0,66435548.0,120318.0,6700.0,53937.688845088356,31170.93871567478,82376.7025714559,1009.7926230261775,530.6436390209561,1633.4569725764948,10097.926230261775,5306.436390209561,16334.569725764948
12418,2023-06-14,UK,1226.0,280.0,66435548.0,119372.0,6528.0,54496.07613069231,30965.50513036533,84193.00983771852,1027.0174940284467,525.768646208608,1688.6915113954174,10270.174940284465,5257.6864620860815,16886.915113954175
12429,2023-06-15,UK,1190.0,279.0,66435548.0,118619.0,6438.0,54905.621658800446,31362.406349351862,84561.13087807992,1029.261765618466,533.5484753241481,1677.0266006986385,10292.61765618466,5335.48475324148,16770.266006986385
12440,2023-06-16,UK,1149.0,269.0,66435548.0,117819.0,6405.0,54856.78910984484,30961.25148822069,85026.7946343671,1030.1296914055556,528.106815291434,1687.0843390585655,10301.296914055556,5281.06815291434,16870.84339058566
12451,2023-06-17,UK,1104.0,255.0,66435548.0,117750.0,6368.0,55707.121483895986,30842.85869886614,87501.25115439619,1055.634566023837,530.5796553186549,1748.1945622603214,10556.345660238369,5305.796553186548,17481.94562260322
12462,2023-06-18,UK,1062.0,237.0,66435548.0,117764.0,6364.0,55540.227687749335,30008.827404870346,88481.39734924654,1059.4412611706846,521.2637871187804,1777.7873929957996,10594.412611706846,5212.637871187804,17777.873929957997
12473,2023-06-19,UK,1034.0,231.0,66435548.0,117718.0,6230.0,54658.6180896949,29313.823838106655,87386.5778130364,1043.0708464263384,506.4743926396256,1757.372730263737,10430.708464263382,5064.743926396255,17573.72730263737
12484,2023-06-20,UK,1001.0,226.0,66435548.0,117536.0,6151.0,53119.57853626328,28231.956648177933,85345.83993049298,1001.3558895176923,475.7605206187416,1703.8867548429291,10013.55889517692,4757.605206187415,17038.86754842929
12495,2023-06-21,UK,979.0,223.0,66435548.0,117505.0,6065.0,53566.118187278225,28417.683720175606,86736.11593639813,975.95573555751,453.73786705207465,1699.7600833975864,9759.557355575103,4537.378670520747,16997.600833975866
12506,2023-06-22,UK,962.0,223.0,66435548.0,117199.0,5978.0,52149.41350477216,27984.997761321236,84296.4043524069,922.5811256750751,436.3211441142671,1617.6476252925652,9225.81125675075,4363.211441142672,16176.476252925653
12517,2023-06-23,UK,924.0,210.0,66435548.0,116695.0,5779.0,50113.882452003665,25994.995211996356,81963.74624714575,921.9062988399534,418.09609561804336,1627.1940752109783,9219.062988399533,4180.960956180433,16271.940752109782
12528,2023-06-24,UK,885.0,203.0,66435548.0,116136.0,5639.0,50147.46501602239,25751.378343580793,82558.69625697732,940.8762764816507,424.68320700721006,1665.0503775488746,9408.762764816509,4246.8320700721,16650.50377548875
12539,2023-06-25,UK,860.0,191.0,66435548.0,115625.0,5513.0,46775.279656764615,23387.622887479516,79251.2276836286,855.9973863630175,375.3526362491844,1583.1090840931333,8559.973863630179,3753.5263624918434,15831.090840931334
12550,2023-06-26,UK,853.0,192.0,66435548.0,115068.0,5413.0,45257.05422764105,22865.688302890656,76144.9555204246,821.1066953848756,367.0977760574996,1507.8528649818802,8211.066953848756,3670.9777605749955,15078.528649818798
12561,2023-06-27,UK,867.0,195.0,66435548.0,114630.0,5425.0,40398.92476534286,20253.259178774897,68042.18744295831,746.6871072327607,328.0199093035129,1375.7434441817409,7466.871072327608,3280.199093035129,13757.43444181741
12572,2023-06-28,UK,854.0,192.0,66435548.0,113972.0,5412.0,39937.08504336018,19799.535428153322,67272.31799679883,752.7094759738848,326.20754186501216,1379.3037252927713,7527.094759738848,3262.0754186501213,13793.037252927712
12583,2023-06-29,UK,854.0,189.0,66435548.0,113524.0,5355.0,39431.71188675272,19829.74400754332,67558.57037098471,715.1125626852202,328.086623719545,1361.1102222677,7151.125626852202,3280.866237195449,13611.102222677002
12594,2023-06-30,UK,847.0,188.0,66435548.0,112985.0,5336.0,41657.646965782085,20998.161319168317,71317.79354514478,744.5752503118025,345.7992238024691,1412.8690207439645,7445.752503118024,3457.992238024691,14128.690207439642
12605,2023-07-01,UK,876.0,184.0,66435548.0,112477.0,5313.0,39790.55364815117,19900.868723617914,68259.13432026382,724.2237467295072,334.0830317434703,1370.169588037019,7242.237467295073,3340.8303174347034,13701.695880370187
12616,2023-07-02,UK,888.0,183.0,66435548.0,111770.0,5274.0,38347.73125014613,19098.377803037427,65852.22506073896,689.3803962498217,317.52824753983276,1300.1081742169229,6893.803962498218,3175.282475398328,13001.081742169226
12627,2023-07-03,UK,890.0,189.0,66435548.0,111049.0,5254.0,42434.690288786274,21475.573707778516,72441.96506994248,767.5347432286599,358.6681626060378,1444.0728967436635,7675.347432286598,3586.6816260603778,14440.728967436635
12638,2023-07-04,UK,915.0,206.0,66435548.0,110378.0,5305.0,47258.73695974532,24869.589472859116,78988.23309224015,844.6145108712719,412.64222558128455,1553.4031144016194,8446.145108712719,4126.422255812845,15534.031144016193
12649,2023-07-05,UK,931.0,207.0,66435548.0,109697.0,5278.0,47906.05674505175,25383.688467372554,79559.87842835287,861.5823156501283,425.80478796476905,1560.7231815569132,8615.823156501285,4258.047879647691,15607.23181556913
12660,2023-07-06,UK,976.0,219.0,66435548.0,109177.0,5298.0,48331.073013583125,26119.599612450893,78828.93332046113,856.5810183160133,432.8822498413816,1515.1145467690853,8565.810183160134,4328.822498413815,15151.145467690854
12671,2023-07-07,UK,1003.0,227.0,66435548.0,108849.0,5409.0,48250.657715658876,26402.88463868946,78215.79850002116,864.5189788570012,442.03751216103933,1524.0273875215862,8645.189788570013,4420.375121610393,15240.273875215862
12682,2023-07-08,UK,1050.0,243.0,66435548.0,108387.0,5570.0,47260.79559308037,26465.241531000014,74990.79378501065,832.5511590410819,435.1695365166352,1427.0264953115461,8325.51159041082,4351.6953651663525,14270.264953115464
12693,2023-07-09,UK,1052.0,253.0,66435548.0,108049.0,5605.0,47794.54801696167,27344.583085803435,74775.45723836432,842.702524552942,453.5922945470214,1414.7637310766145,8427.02524552942,4535.922945470215,14147.637310766147
12704,2023-07-10,UK,1072.0,257.0,66435548.0,107539.0,5673.0,48971.03704134767,28141.208185488136,76579.15741939344,855.9938460979621,462.2903540358769,1438.3970443422552,8559.938460979622,4622.903540358769,14383.97044342255
12715,2023-07-11,UK,1075.0,261.0,66435548.0,107015.0,5681.0,51227.840299002324,29741.920139733513,79395.59346590271,908.5957664537905,500.8506016265555,1499.0105020761775,9085.957664537902,5008.506016265556,14990.105020761775
12726,2023-07-12,UK,1111.0,271.0,66435548.0,106437.0,5640.0,54257.295054731956,31682.00719950908,83418.83217843453,964.2827375030819,537.1291467230698,1570.805171612883,9642.827375030818,5371.291467230697,15708.051716128826
12737,2023-07-13,UK,1133.0,277.0,66435548.0,106195.0,5659.0,55286.469489377145,32528.122080235993,85097.44361403002,972.7303456553782,545.3866259525262,1594.0395895570125,9727.303456553784,5453.866259525261,15940.395895570122
12748,2023-07-14,UK,1126.0,273.0,66435548.0,105687.0,5643.0,56645.14551203439,33042.40313088387,87678.17173827015,990.8742916383392,547.3897792079196,1646.6991976394381,9908.742916383391,5473.897792079195,16466.99197639438
12759,2023-07-15,UK,1177.0,294.0,66435548.0,105325.0,5724.0,60314.35348276402,36108.06732958184,91901.16583567669,1052.855512603881,597.208308969416,1722.2047045846064,10528.555126038811,5972.083089694161,17222.047045846066
12770,2023-07-16,UK,1190.0,294.0,66435548.0,104929.0,5733.0,60748.61860951672,36334.6139052513,92478.62447657641,1063.3620611516365,605.464681546636,1724.3757459061842,10633.620611516366,6054.646815466359,17243.757459061846
12781,2023-07-17,UK,1195.0,294.0,66435548.0,104506.0,5736.0,58831.27849553823,35114.03524625358,89678.25576568411,1049.547755306656,599.3517798945275,1702.345293714757,10495.477553066561,5993.517798945273,17023.45293714757
12792,2023-07-18,UK,1212.0,298.0,66435548.0,104016.0,5724.0,56990.896592405,33632.08816751553,86979.43807168401,1046.794338270543,580.4501587622447,1698.6024273856747,10467.94338270543,5804.501587622448,16986.024273856747
12803,2023-07-19,UK,1205.0,299.0,66435548.0,103297.0,5708.0,57992.982489779155,33975.59660179865,88399.26018144464,1082.492066280262,589.347468358011,1754.6805863311902,10824.920662802617,5893.474683580109,17546.8058633119
12814,2023-07-20,UK,1201.0,291.0,66435548.0,102736.0,5689.0,58896.27792628486,34102.20329704549,90551.23459692993,1114.3829841592703,595.750605999365,1824.5486329240255,11143.829841592702,5957.50605999365,18245.486329240248
12825,2023-07-21,UK,1204.0,292.0,66435548.0,102618.0,5690.0,61071.74546339655,35185.92376004868,93948.83983058714,1152.8879090702846,608.270999935256,1893.7246291608017,11528.879090702847,6082.709999352561,18937.24629160802
12836,2023-07-22,UK,1214.0,297.0,66435548.0,102611.0,5704.0,63312.79590509343,36776.86451728681,97019.82735092565,1187.9578364857812,633.258089887265,1944.364059514918,11879.57836485781,6332.58089887265,19443.640595149176
12847,2023-07-23,UK,1217.0,296.0,66435548.0,102371.0,5749.0,63168.356482829484,36677.428240886176,96584.91627755166,1210.8973177426576,640.2869272801134,1958.2435957299233,12108.973177426577,6402.869272801135,19582.435957299233
12858,2023-07-24,UK,1226.0,303.0,66435548.0,102126.0,5749.0,61190.7628596427,35765.94455857209,93123.48074538534,1171.338985304866,623.9730420766849,1881.334010621817,11713.389853048659,6239.7304207668485,18813.34010621817
12869,2023-07-25,UK,1253.0,318.0,66435548.0,101728.0,5711.0,60041.478281622156,35710.729723293625,90470.3088896216,1122.1203271266575,609.2922213741709,1794.1262801982498,11221.203271266575,6092.922213741709,17941.2628019825
12880,2023-07-26,UK,1245.0,325.0,66435548.0,101364.0,5729.0,59736.37595935355,35686.02987979397,89441.26762524135,1131.9903571735501,617.072849286593,1788.5623489358586,11319.9035717355,6170.72849286593,17885.62348935859
12891,2023-07-27,UK,1280.0,332.0,66435548.0,101162.0,5802.0,59357.27877560178,35935.84414725051,89066.21019792167,1089.122073141349,605.9150243878728,1747.8814751621671,10891.220731413487,6059.150243878728,17478.814751621674
12902,2023-07-28,UK,1303.0,346.0,66435548.0,100901.0,5814.0,61997.77116535263,37923.67084413561,91788.54767239648,1145.5779864719145,645.4937080179351,1801.2490204176024,11455.779864719147,6454.93708017935,18012.49020417603
12913,2023-07-29,UK,1325.0,366.0,66435548.0,100906.0,5878.0,63462.554525566215,39630.482886528756,92848.51006013999,1149.222881622859,659.7633928128934,1792.0395380964587,11492.228816228588,6597.633928128932,17920.395380964586
12924,2023-07-30,UK,1409.0,390.0,66435548.0,100833.0,5986.0,60008.449400469355,37832.303967900814,87222.01434273523,1096.4980085899306,634.1263090410555,1700.2281665005999,10964.980085899306,6341.2630904105545,17002.281665005998
12935,2023-07-31,UK,1473.0,418.0,66435548.0,100701.0,6050.0,56274.25437310317,35923.662570774686,80519.198513148,1056.4729924249707,616.3939358128953,1600.813713342868,10564.72992424971,6163.939358128952,16008.137133428678
12946,2023-08-01,UK,1483.0,415.0,66435548.0,100527.0,6067.0,52374.902997164696,33322.35819793432,75362.56695859837,979.4897690622902,568.2430104033732,1498.0027548535136,9794.897690622902,5682.430104033732,14980.027548535138
12957,2023-08-02,UK,1516.0,435.0,66435548.0,100276.0,6116.0,47120.287012538785,30323.436684410288,67030.84090430924,894.7137620621653,527.2228624278595,1341.7979506736178,8947.137620621652,5272.228624278595,13417.979506736176
12968,2023-08-03,UK,1511.0,451.0,66435548.0,100068.0,6114.0,53649.13958082575,34936.09599076237,75725.44755139259,1007.5234759252861,601.1014048918048,1501.5389111377708,10075.234759252862,6011.014048918047,15015.389111377706
12979,2023-08-04,UK,1545.0,463.0,66435548.0,99611.0,6140.0,60090.95925055871,39592.39932133043,84368.10153601733,1116.3676654429394,681.035951754359,1651.86648098291,11163.676654429393,6810.359517543589,16518.6648098291
12990,2023-08-05,UK,1564.0,477.0,66435548.0,99533.0,6193.0,64596.15319191624,42782.99791824589,89867.00860036517,1236.5761048904756,763.3176016264996,1795.4223965196484,12365.761048904755,7633.176016264997,17954.22396519648
13001,2023-08-06,UK,1574.0,480.0,66435548.0,99265.0,6119.0,67458.57158760424,44657.76203310812,94015.75417543881,1295.3193596579724,797.7941260218092,1888.1322694122482,12953.193596579726,7977.941260218091,18881.322694122482
13012,2023-08-07,UK,1593.0,486.0,66435548.0,99081.0,6126.0,67821.5636913518,45151.76900320657,94042.63447692513,1318.8711490155679,822.9719822097649,1900.8772945869105,13188.711490155678,8229.719822097648,19008.772945869103
13023,2023-08-08,UK,1617.0,501.0,66435548.0,98912.0,6181.0,65929.24327357205,44198.3302575146,90769.35561404093,1311.6419267213919,827.5428576281627,1867.9994709181397,13116.419267213918,8275.428576281625,18679.994709181396
13034,2023-08-09,UK,1650.0,518.0,66435548.0,98579.0,6153.0,64150.86852961757,43342.98603014467,87867.27370157302,1278.623486554177,814.9459168448229,1811.0259079910597,12786.234865541768,8149.459168448227,18110.259079910596
13045,2023-08-10,UK,1640.0,524.0,66435548.0,98354.0,6096.0,64971.78773445574,43958.914346110054,88948.22623033462,1288.8785165785466,825.8202364264951,1824.8090739752124,12888.785165785466,8258.202364264951,18248.090739752122
13056,2023-08-11,UK,1690.0,552.0,66435548.0,98271.0,6132.0,66221.85720152239,45329.2202735101,89886.71829019058,1301.7592423933895,843.3195480330405,1830.2162787269228,13017.592423933895,8433.195480330405,18302.16278726923
13067,2023-08-12,UK,1675.0,556.0,66435548.0,98386.0,6109.0,66163.5946971133,45381.3805759048,89687.36867718335,1303.369821952462,845.2669932055935,1831.0930431403312,13033.698219524618,8452.669932055935,18310.930431403314
13078,2023-08-13,UK,1650.0,568.0,66435548.0,98398.0,6031.0,64416.69869732263,44395.09697014951,86977.69305003932,1244.9061174029935,809.773040890163,1747.7165554658484,12449.06117402993,8097.730408901629,17477.165554658484
13089,2023-08-14,UK,1656.0,587.0,66435548.0,98410.0,6031.0,65463.89610649706,45617.201734176604,88041.60073367329,1243.2429347233888,818.087403723617,1745.0543226641835,12432.429347233889,8180.87403723617,17450.543226641836
13100,2023-08-15,UK,1711.0,605.0,66435548.0,98352.0,6086.0,67829.63150463023,47509.767120422955,90733.65415519042,1293.871799826004,859.9228883869358,1800.5121454875255,12938.717998260043,8599.228883869358,18005.121454875258
13111,2023-08-16,UK,1698.0,607.0,66435548.0,98160.0,5965.0,67383.91368789217,47396.026634515416,90100.63140367107,1277.1365165382995,850.8534696627137,1782.2048643767819,12771.365165382995,8508.534696627137,17822.04864376782
13122,2023-08-17,UK,1716.0,628.0,66435548.0,97859.0,5936.0,72112.06005716827,51048.46481022797,95736.42616109464,1373.8161111403992,919.9026605137001,1898.9857157084614,13738.161111403993,9199.026605137004,18989.857157084614
13133,2023-08-18,UK,1731.0,637.0,66435548.0,97828.0,5955.0,73194.13607819026,51956.208297738485,96972.74489642553,1389.685913783475,932.5258162076298,1918.3391581646333,13896.859137834748,9325.2581620763,19183.391581646334
13144,2023-08-19,UK,1755.0,653.0,66435548.0,97632.0,5934.0,74608.33594125042,53141.75864711274,98595.51069073238,1418.837518294481,956.0286327351038,1952.6807236913385,14188.37518294481,9560.28632735104,19526.807236913384
13155,2023-08-20,UK,1759.0,661.0,66435548.0,97451.0,5901.0,76245.2646990878,54641.00184572383,100451.090729189,1416.855158206709,960.9579428597029,1945.873732604846,14168.55158206709,9609.579428597028,19458.73732604846
13166,2023-08-21,UK,1747.0,673.0,66435548.0,97346.0,5830.0,78155.44609969728,56242.01220790025,102650.338857808,1453.5545427553443,992.9707575912602,1988.2906641831332,14535.545427553443,9929.707575912602,19882.90664183133
13177,2023-08-22,UK,1724.0,675.0,66435548.0,97406.0,5776.0,79603.97232533572,57427.62246257025,104404.76412391079,1468.2866617931597,1008.0309212113061,2003.7091702443875,14682.866617931597,10080.309212113063,20037.09170244388
13188,2023-08-23,UK,1723.0,683.0,66435548.0,97493.0,5830.0,80878.35978193923,58500.3873973936,105775.6156459125,1467.6133542881137,1007.7736565303027,1999.7818554102255,14676.133542881138,10077.736565303027,19997.818554102258
13199,2023-08-24,UK,1729.0,695.0,66435548.0,97481.0,5866.0,82749.84743445576,60230.20425887379,107927.93716636013,1482.441975742039,1027.9559656561055,2018.3528397496134,14824.419757420392,10279.559656561056,20183.52839749614
13210,2023-08-25,UK,1692.0,688.0,66435548.0,97312.0,5835.0,82633.20359552957,60072.619941956174,107825.8733093813,1474.136496064486,1021.6657512014297,2004.550563957665,14741.364960644862,10216.657512014297,20045.505639576648
13221,2023-08-26,UK,1676.0,680.0,66435548.0,96976.0,5814.0,83926.88318578583,60796.006514933404,109835.33234589815,1508.5573990612954,1036.737778248101,2063.3616411684598,15085.573990612955,10367.37778248101,20633.616411684594
13232,2023-08-27,UK,1662.0,676.0,66435548.0,96511.0,5805.0,84845.55772450958,61582.441616543925,111028.24577564612,1527.2057348795618,1052.7122393107616,2087.897601816032,15272.057348795614,10527.122393107615,20878.97601816032
13243,2023-08-28,UK,1640.0,659.0,66435548.0,96239.0,5770.0,85158.81113343983,61473.09637226512,111941.17669920133,1541.3593793356051,1052.7742702379853,2121.1232058224136,15413.593793356053,10527.742702379852,21211.232058224137
13254,2023-08-29,UK,1639.0,659.0,66435548.0,96050.0,5797.0,85320.51323348623,61390.13313140468,112100.53626315224,1562.4136344362448,1059.1381669894445,2147.065800948668,15624.136344362447,10591.381669894443,21470.658009486677
13265,2023-08-30,UK,1670.0,687.0,66435548.0,95782.0,5849.0,87996.60138687867,63838.4627956341,114764.21371491681,1624.5677072592118,1113.8140724145146,2209.6767446312424,16245.677072592125,11138.140724145145,22096.76744631242
13276,2023-08-31,UK,1732.0,710.0,66435548.0,95662.0,5982.0,90772.59931425111,66206.17828862437,118095.75336375201,1677.809358242101,1156.6540438767042,2277.513854095625,16778.093582421014,11566.540438767042,22775.138540956257
13287,2023-09-01,UK,1731.0,710.0,66435548.0,95361.0,5978.0,92964.95110866505,67680.69664617196,120890.70100368012,1753.3467603562292,1208.5724167434998,2368.940120852706,17533.46760356229,12085.724167434999,23689.401208527066
13298,2023-09-02,UK,1748.0,716.0,66435548.0,94965.0,5996.0,93431.99204051319,68210.34266038798,121427.98996656184,1742.0146339306475,1204.9024809076843,2354.128207312591,17420.146339306477,12049.024809076845,23541.282073125905
13309,2023-09-03,UK,1772.0,723.0,66435548.0,94704.0,5970.0,93083.17111148468,68004.3997144414,121100.4635302563,1737.2167118088557,1204.8643347861967,2352.5622062259968,17372.167118088557,12048.64334786197,23525.622062259965
13320,2023-09-04,UK,1798.0,750.0,66435548.0,94464.0,5983.0,96292.73120261164,70771.77267348698,124504.86241995227,1806.5604356454155,1264.469794597926,2425.0538352192166,18065.604356454158,12644.69794597926,24250.53835219216
13331,2023-09-05,UK,1852.0,773.0,66435548.0,94330.0,5993.0,96480.26129459101,71131.11958426738,124327.12647189548,1810.4392400371066,1271.1915291185453,2420.016836494225,18104.39240037107,12711.915291185453,24200.168364942256
13342,2023-09-06,UK,1861.0,785.0,66435548.0,94348.0,5978.0,100516.04185673721,74151.96968928995,129317.89865309375,1901.4550529689639,1334.1713944849969,2535.7751560923557,19014.550529689634,13341.713944849967,25357.75156092356
13353,2023-09-07,UK,1908.0,791.0,66435548.0,94198.0,5987.0,99861.25502974185,73690.89766521538,128519.85452790577,1890.4849415040785,1325.4886880936667,2526.675600912804,18904.849415040782,13254.886880936667,25266.75600912804
13364,2023-09-08,UK,1938.0,810.0,66435548.0,94117.0,5990.0,100113.97087336473,74236.85885961776,128506.07688060304,1898.0311433255679,1339.2735876834104,2528.330586347575,18980.31143325568,13392.735876834102,25283.30586347574
13375,2023-09-09,UK,1941.0,814.0,66435548.0,93804.0,5941.0,97904.49552701719,72558.92663143958,125731.35574960202,1862.0578779647233,1310.1568152765299,2483.2507407832004,18620.57877964723,13101.568152765298,24832.507407832003
13397,2023-09-11,UK,1981.0,828.0,66435548.0,93263.0,5939.0,95564.48961223896,70977.89647648415,122559.40375281137,1805.0707982485364,1273.8868550143764,2403.424392139566,18050.707982485364,12738.868550143761,24034.243921395653
13408,2023-09-12,UK,1943.0,822.0,66435548.0,92933.0,5905.0,97398.59309137336,72353.81627071176,125161.20098111544,1801.9942223224787,1274.1783924665406,2414.6539278192786,18019.942223224785,12741.78392466541,24146.539278192788
